email,name,username,balance
adam5007@learnhubs.com,Adam Meijer,adammeijer,8
adele3800@learnhubs.com,Adele Ravich,adeleravich,12
adele7630@learnhubs.com,Adele Luchinina,adeleluchinina,12
adriana0601@learnhubs.com,Adriana Shanny,adrianashanny,15
akira0281@learnhubs.com,Akira Newton,akiranewton,12
alan5893@learnhubs.com,Alan Illas,alanillas,12
alba1585@learnhubs.com,Alba Gomez,albagomez,12
alex0099@learnhubs.com,Alex Casta単os,alexcasta単os,12
alex5837@learnhubs.com,Alex Gibbs,alexgibbs,12
alexandria6063@learnhubs.com,Alexandria Dhingra,alexandriadhingra,12
alicia8169@learnhubs.com,Alicia Amat,aliciaamat,12
alisa1402@learnhubs.com,Alisa Vnukova,alisavnukova,12
alon0582@learnhubs.com,Alon Messinger,alonmessinger,10
alpha7315@learnhubs.com,Alpha Herledant,alphaherledant,12
alvin9081@learnhubs.com,Alvin Shojai,alvinshojai,12
amalia5418@learnhubs.com,Amalia Maor,amaliamaor,12
anastasija0058@learnhubs.com,Anastasija Ardavichus,anastasijaardavichus,12
arthur6509@learnhubs.com,Arthur Easton,arthureaston,12
ashe0521@learnhubs.com,Ashe McIntyre Caudill,ashemcintyre,12
atalaya0076@learnhubs.com,Atalaya Silberachmidt,atalayasilberachmidt,12
athena5946@learnhubs.com,Athena Dhingra,athenadhingra,12
aviad0115@learnhubs.com,Aviad Schnader,aviadschnader,12
avner0679@learnhubs.com,Avner Shanny,avnershanny,12
ben9922@learnhubs.com,Ben Hobbs,benhobbs,12
berta0261@learnhubs.com,Berta Gimeno Santesmases,bertagimeno,12
caspar0946@learnhubs.com,Caspar Oliver,casparoliver,12
charlotte0255@learnhubs.com,Charlotte Morris,charlottemorris,10
coen0327@learnhubs.com,Coen Cyrus,coencyrus,12
cole0155@learnhubs.com,Cole Leitch,coleleitch,8
david0748@learnhubs.com,David Burdman,davidburdman,12
david0071@learnhubs.com,David Shakhnovskaya Gorev,davidshakhnovskaya,12
demyan0813@learnhubs.com,Demyan Repin,demyanrepin,12
diego0090@learnhubs.com,Diego Torres,diegotorres,12
dmitri5606@learnhubs.com,Dmitri Simon,dmitrisimon,12
eden8944@learnhubs.com,Eden Newton,edennewton,12
eli0203@learnhubs.com,Eli Ravich,eliravich,10
ellis0373@learnhubs.com,Ellis Mitchell,ellismitchell,12
eman0258@learnhubs.com,Eman Haroun,emanharoun,12
emily6468@learnhubs.com,Emily Knight,emilyknight,12
emma0425@learnhubs.com,Emma MacLaren,emmamaclaren,12
emmy0508@learnhubs.com,Emmy Bryan,emmybryan,12
ennis0999@learnhubs.com,Ennis Losa,ennislosa,15
eren3312@learnhubs.com,Eren Malone,erenmalone,15
eren0609@learnhubs.com,Eren Cook,erencook,12
esme0513@learnhubs.com,Esme Mylvaganam,esmemylvaganam,12
ferran0010@learnhubs.com,Ferran Gimeno Santesmases,ferrangimeno,12
fiona0176@learnhubs.com,Fiona Commeleran,fionacommeleran,12
flynn0677@learnhubs.com,Flynn Ellens,flynnellens,12
gerard0624@learnhubs.com,Gerard Villalba,gerardvillalba,12
guillaume0682@learnhubs.com,Guillaume Rivkine Monnier,guillaumerivkine,12
hannah0706@learnhubs.com,Hannah Dirakvand,hannahdirakvand,12
hermes0128@learnhubs.com,Hermes Mesa,hermesmesa,5
indira6481@learnhubs.com,Indira Gori,indiragori,12
ingrid0389@learnhubs.com,Ingrid Alonso,ingridalonso,12
intie7235@learnhubs.com,Intie Shafiq,intieshafiq,12
izan0483@learnhubs.com,Izan Casta単os,izancasta単os,12
jack0978@learnhubs.com,Jack Morris,jackmorris,12
jacob3622@learnhubs.com,Jacob Lancey,jacoblancey,12
jago0888@learnhubs.com,Jago Bakshy,jagobakshy,10
jasmine9083@learnhubs.com,Jasmine Howe,jasminehowe,12
jasper0801@learnhubs.com,Jasper Bakshy,jasperbakshy,12
joaquim0346@learnhubs.com,Joaquim Wells,joaquimwells,10
juno3497@learnhubs.com,Juno Sutton,junosutton,12
keanu0507@learnhubs.com,Keanu Kuperman,keanukuperman,12
laszlo0061@learnhubs.com,Laszlo Deweerdt,laszlodeweerdt,12
lea0825@learnhubs.com,Lea Bisson,leabisson,12
leo0671@learnhubs.com,Leo Gomez,leogomez,12
leon4067@learnhubs.com,Leon Schneider,leonschneider,12
liam8080@learnhubs.com,Liam Weiss,liamweiss,12
lily0755@learnhubs.com,Lily Gertsacov,lilygertsacov,12
lisa5063@learnhubs.com,Lisa Mendez,lisamendez,12
lorenzo0594@learnhubs.com,Lorenzo Schulze,lorenzoschulze,12
louis0940@learnhubs.com,Louis Loughran,louisloughran,10
louise0493@learnhubs.com,Louise Van der Velde,louisevan,12
luca0031@learnhubs.com,Luca Holland,lucaholland,12
luca0458@learnhubs.com,Luca de Somere,lucade,12
luca4974@learnhubs.com,Luca Pommerening,lucapommerening,12
lucas1287@learnhubs.com,Lucas Hellin,lucashellin,12
lucas0821@learnhubs.com,Lucas Fernandez,lucasfernandez,12
lur9923@learnhubs.com,Lur Montes,lurmontes,12
maliyah0478@learnhubs.com,Maliyah Bustillo,maliyahbustillo,12
malou4372@learnhubs.com,Malou Weiss,malouweiss,12
mateo9738@learnhubs.com,Mateo Castello,mateocastello,12
mattias0931@learnhubs.com,Mattias Halbach,mattiashalbach,12
max2627@learnhubs.com,Max Bumm,maxbumm,12
maya3426@learnhubs.com,Maya Messinger,mayamessinger,10
mia9596@learnhubs.com,Mia Meyer,miameyer,12
mika0755@learnhubs.com,Mika Meurs,mikameurs,12
mika3023@learnhubs.com,Mika Tulusan Hopfner,mikatulusan,12
milla0282@learnhubs.com,Milla Hazekamp,millahazekamp,12
mishka2816@learnhubs.com,Mishka Petychuk,mishkapetychuk,12
nara0983@learnhubs.com,Nara Scarda,narascarda,12
natasha0895@learnhubs.com,Natasha Gatward,natashagatward,12
noah8289@learnhubs.com,Noah Webb,noahwebb,12
noah9788@learnhubs.com,Noah Duvoux,noahduvoux,12
nora0448@learnhubs.com,Nora Kozma Vilar,norakozma,12
oliver5338@learnhubs.com,Oliver Kessel,oliverkessel,12
ona0129@learnhubs.com,Ona Wells,onawells,12
orian3756@learnhubs.com,Orian Hoch,orianhoch,12
owen1637@learnhubs.com,Owen Innes,oweninnes,12
owen0450@learnhubs.com,Owen Robins,owenrobins,15
pablo0722@learnhubs.com,Pablo Espla,pabloespla,12
pau0036@learnhubs.com,Pau Vizuete,pauvizuete,12
pau0687@learnhubs.com,Pau MacLaren,paumaclaren,12
pepjin0081@learnhubs.com,Pepjin Van Doorn,pepjinvan,12
phillip0505@learnhubs.com,Phillip Emma,phillipemma,12
raj0992@learnhubs.com,Raj Chopra,rajchopra,12
renee0581@learnhubs.com,Renee Bisson,reneebisson,12
reqlex0341@learnhubs.com,Reqlex Manuputty,reqlexmanuputty,12
rio2799@learnhubs.com,Rio Saura,riosaura,12
roxanne0704@learnhubs.com,Roxanne Kosread,roxannekosread,12
roxy1321@learnhubs.com,Roxy Bryan,roxybryan,12
samir0790@learnhubs.com,Samir Chopra,samirchopra,12
sasha0959@learnhubs.com,Sasha Kuznetsova,sashakuznetsova,12
scarlett9630@learnhubs.com,Scarlett Hernandez,scarletthernandez,12
sheyi6071@learnhubs.com,Sheyi Casbolt,sheyicasbolt,12
sima0197@learnhubs.com,Sima Klimovsky,simaklimovsky,12
sofia0543@learnhubs.com,Sofia Hellin,sofiahellin,12
sol3640@learnhubs.com,Sol Gibbs,solgibbs,12
sonik0522@learnhubs.com,Sonik Kanizo,sonikkanizo,12
sophie0737@learnhubs.com,Sophie Marshall,sophiemarshall,12
tenzin0312@learnhubs.com,Tenzin Gori,tenzingori,12
thiago0135@learnhubs.com,Thiago Puga,thiagopuga,10
thiago0665@learnhubs.com,Thiago Rosales,thiagorosales,12
thomas7083@learnhubs.com,Thomas Blue,thomasblue,12
topper7294@learnhubs.com,Topper Axmaker,topperaxmaker,5
tye4406@learnhubs.com,Tye Causey,tyecausey,15
ulysses0418@learnhubs.com,Ulysses Herledant,ulyssesherledant,12
val5944@learnhubs.com,Val Arenas,valarenas,12
vasily5772@learnhubs.com,Vasily Gorev,vasilygorev,12
xavier0341@learnhubs.com,Xavier Tesor,xaviertesor,12
yaran0172@learnhubs.com,Yaran Von Der Recke,yaranvon,12
ylfa0034@learnhubs.com,Ylfa Jonsdottir,ylfajonsdottir,12
zahar6597@learnhubs.com,Zahar Shakhnovskaya Gorev,zaharshakhnovskaya,12